time,latitude,longitude,depth,mag,magType,nst,gap,dmin,rms,net,id,updated,place,type
2014-04-30T13:30:45.700Z,19.413,-155.2547,5,1.7,ml,,104.399991648001,0.008983153,0.3,hv,hv60680861,2014-04-30T13:36:32.000Z,"2km SW of Volcano, Hawaii",earthquake
2014-04-30T13:28:08.000Z,64.3363,-150.6658,0,1.6,ml,,,,0.59,ak,ak11246540,2014-04-30T13:33:52.677Z,"74km S of Manley Hot Springs, Alaska",earthquake
2014-04-30T13:16:31.380Z,34.5999985,-116.6158371,5.98,2.64,ml,52,36,0.0443,0.16,ci,ci37218752,2014-04-30T13:43:47.913Z,"36km ENE of Lucerne Valley, California",earthquake
2014-04-30T12:53:05.400Z,37.6483,-118.948,8.3,1.2,Md,15,93.6,0.01796631,0.02,nc,nc72212686,2014-04-30T13:09:07.287Z,"2km E of Mammoth Lakes, California",earthquake
2014-04-30T12:37:45.400Z,37.6485,-118.952,7.6,1,Md,15,90,0.01796631,0.02,nc,nc72212666,2014-04-30T13:05:11.894Z,"1km E of Mammoth Lakes, California",earthquake
2014-04-30T12:34:03.200Z,37.6435,-118.952,7.5,2,Md,24,50.4,0.02694946,0.04,nc,nc72212661,2014-04-30T13:42:05.880Z,"1km ESE of Mammoth Lakes, California",earthquake
2014-04-30T12:25:37.000Z,61.5991,-151.7069,98.3,2.1,ml,,,,0.61,ak,ak11246531,2014-04-30T12:30:48.185Z,"89km W of Willow, Alaska",earthquake
2014-04-30T12:09:13.000Z,62.5929,-148.9158,0,1.7,ml,,,,0.98,ak,ak11246526,2014-04-30T12:17:56.134Z,"68km NE of Y, Alaska",earthquake
2014-04-30T12:06:21.610Z,36.190834,-120.4049988,9.55,1.67,md,4,124,0.07703,0,nc,nc72212641,2014-04-30T13:42:05.878Z,"6km NW of Coalinga, California",earthquake
2014-04-30T11:59:50.000Z,59.7418,-142.5364,18.7,1.9,ml,,,,1.37,ak,ak11246524,2014-04-30T12:10:52.761Z,"36km S of Cape Yakataga, Alaska",earthquake
2014-04-30T11:44:38.100Z,38.8121681,-122.8186646,3.03,1.34,md,25,57,0.00885,0.03,nc,nc72212571,2014-04-30T13:08:02.187Z,"6km NW of The Geysers, California",earthquake
2014-04-30T11:44:22.000Z,62.0467,-150.6401,13.3,1.4,ml,,,,0.34,ak,ak11246501,2014-04-30T11:48:50.789Z,"41km SW of Talkeetna, Alaska",earthquake
2014-04-30T11:42:10.000Z,59.915,-141.2871,0,1.7,ml,,,,0.92,ak,ak11246500,2014-04-30T11:47:03.346Z,"66km ESE of Cape Yakataga, Alaska",earthquake
2014-04-30T11:38:29.440Z,37.6413345,-118.946167,7.98,0.67,md,10,98,0.02518,0.01,nc,nc72212566,2014-04-30T12:41:04.336Z,"2km ESE of Mammoth Lakes, California",earthquake
2014-04-30T11:28:14.000Z,57.8357,-157.0094,100,2.7,ml,,,,1.57,ak,ak11246494,2014-04-30T11:35:59.328Z,"97km SSW of King Salmon, Alaska",earthquake
2014-04-30T11:28:10.000Z,61.0656,-147.1037,0.1,1.7,ml,,,,1.2,ak,ak11246495,2014-04-30T11:31:40.651Z,"41km W of Valdez, Alaska",earthquake
2014-04-30T11:26:06.000Z,61.1812,-146.7015,30.5,1.4,ml,,,,0.53,ak,ak11246490,2014-04-30T11:29:43.246Z,"19km WNW of Valdez, Alaska",earthquake
2014-04-30T11:23:05.500Z,37.4617,-120.656,23.3,2.4,Md,8,133.2,0.55695548,0.36,nc,nc72212516,2014-04-30T11:54:04.322Z,"8km NNW of Winton, California",earthquake
2014-04-30T11:22:37.000Z,61.5323,-146.3963,37.4,1.6,ml,,,,0.97,ak,ak11246486,2014-04-30T11:27:55.747Z,"44km N of Valdez, Alaska",earthquake
2014-04-30T11:18:11.000Z,61.2874,-147.6792,16,1.2,ml,,,,0.17,ak,ak11246487,2014-04-30T11:24:25.161Z,"73km WNW of Valdez, Alaska",earthquake
2014-04-30T11:10:35.000Z,61.4642,-145.0754,4.2,2,ml,,,,1.11,ak,ak11246480,2014-04-30T11:18:03.979Z,"34km W of Chitina, Alaska",earthquake
2014-04-30T11:08:38.000Z,59.8249,-153.5969,100,3.1,ml,,,,0.82,ak,ak11246471,2014-04-30T11:21:02.403Z,"74km E of Old Iliamna, Alaska",earthquake
2014-04-30T10:45:04.000Z,65.7649,-151.1059,0,1.7,ml,,,,0.7,ak,ak11246468,2014-04-30T10:52:50.512Z,"80km NE of Tanana, Alaska",earthquake
2014-04-30T10:43:40.300Z,38.8155,-122.8142,3.9,0.5,Md,9,129.6,0.00898315,0.03,nc,nc72212491,2014-04-30T11:27:06.390Z,"6km NW of The Geysers, California",earthquake
2014-04-30T10:38:17.500Z,38.8165,-122.8172,2.9,0.5,Md,10,97.2,0.00898315,0.02,nc,nc72212486,2014-04-30T11:27:06.389Z,"6km NW of The Geysers, California",earthquake
2014-04-30T10:29:19.000Z,61.5479,-146.3289,20.5,1.4,ml,,,,0.86,ak,ak11246465,2014-04-30T10:33:36.058Z,"46km N of Valdez, Alaska",earthquake
2014-04-30T10:28:20.000Z,59.2373,-156.2382,100,3.2,ml,,,,2.34,ak,ak11246463,2014-04-30T10:38:04.761Z,"65km NNE of King Salmon, Alaska",earthquake
2014-04-30T10:17:39.300Z,37.6507,-118.9442,6,1.4,Md,13,100.8,0.01796631,0.04,nc,nc72212471,2014-04-30T10:54:02.904Z,"2km E of Mammoth Lakes, California",earthquake
2014-04-30T10:14:50.500Z,38.836,-122.7967,2.5,0.8,Md,15,68.4,0.01796631,0.02,nc,nc72212466,2014-04-30T10:54:02.902Z,"6km WNW of Cobb, California",earthquake
2014-04-30T10:07:48.900Z,36.3985,-120.966,0.6,2,Md,25,75.6,0.05389892,0.09,nc,nc72212461,2014-04-30T10:44:01.834Z,"25km NE of King City, California",earthquake
2014-04-30T09:54:31.700Z,39.6278,-122.9567,5,1.1,Md,6,169.2,0.41322503,0.14,nc,nc72212451,2014-04-30T13:28:04.312Z,"30km SE of Covelo, California",earthquake
2014-04-30T09:52:16.680Z,7.39,-82.6971,27.09,5,mb,,86,2.948,1.26,us,usb000q52m,2014-04-30T10:05:37.030Z,"73km SSE of Punta de Burica, Panama",earthquake
2014-04-30T09:46:21.910Z,6.7984,-73.0539,155.41,4.3,mb,,70,0.865,1.17,us,usb000q52g,2014-04-30T10:21:38.000Z,"12km NNW of Aratoca, Colombia",earthquake
2014-04-30T09:43:56.000Z,61.8566,-151.6404,91.5,1.9,ml,,,,0.79,ak,ak11246436,2014-04-30T09:52:00.556Z,"85km W of Willow, Alaska",earthquake
2014-04-30T09:41:37.000Z,62.5251,-151.0238,75.1,1.3,ml,,,,0.8,ak,ak11246433,2014-04-30T09:46:07.233Z,"52km WNW of Talkeetna, Alaska",earthquake
2014-04-30T09:33:15.000Z,60.6344,-143.2323,28.2,1.7,ml,,,,0.65,ak,ak11246430,2014-04-30T09:40:48.402Z,"77km NW of Cape Yakataga, Alaska",earthquake
2014-04-30T09:31:30.000Z,63.8251,-148.4182,100,1.4,ml,,,,0.31,ak,ak11246416,2014-04-30T09:35:31.321Z,"27km E of Healy, Alaska",earthquake
2014-04-30T09:31:29.000Z,58.8932,-150.3588,19,3,ml,,,,0.6,ak,ak11246417,2014-04-30T09:41:16.618Z,"107km SE of Homer, Alaska",earthquake
2014-04-30T09:24:21.000Z,63.1359,-149.6154,81.6,1.6,ml,,,,0.57,ak,ak11246411,2014-04-30T09:29:23.771Z,"43km SW of Cantwell, Alaska",earthquake
2014-04-30T09:18:46.260Z,-5.4912,146.6951,207.22,4.6,mb,,77,3.915,0.68,us,usb000q51d,2014-04-30T09:39:50.000Z,"103km ESE of Madang, Papua New Guinea",earthquake
2014-04-30T09:10:33.000Z,61.49,-146.5862,15.4,2.5,ml,,,,0.7,ak,ak11246401,2014-04-30T09:19:20.486Z,"42km NNW of Valdez, Alaska",earthquake
2014-04-30T08:52:51.400Z,38.8053,-122.8588,10.3,0.3,Md,9,169.2,0.02694946,0.07,nc,nc72212406,2014-04-30T09:31:03.934Z,"9km WNW of The Geysers, California",earthquake
2014-04-30T08:29:54.110Z,33.9066658,-117.9333344,0.07,1.16,ml,27,83,0.03944,0.28,ci,ci37218712,2014-04-30T08:32:49.924Z,"3km SSE of La Habra, California",earthquake
2014-04-30T08:11:42.600Z,19.2196,-64.6526,51,3,Md,4,306,0.7995006,0.27,pr,pr14120000,2014-04-30T12:07:46.170Z,"88km N of Road Town, British Virgin Islands",earthquake
2014-04-30T08:11:26.820Z,37.6455002,-118.9456635,7.64,1.85,md,13,74,0.02103,0.02,nc,nc72212376,2014-04-30T13:07:07.076Z,"2km E of Mammoth Lakes, California",earthquake
2014-04-30T07:48:09.740Z,36.5748,-97.7719,5,3.1,mb_lg,,39,0.184,0.84,us,usb000q4zm,2014-04-30T11:18:13.302Z,"22km NNE of Enid, Oklahoma",earthquake
2014-04-30T07:47:21.900Z,38.8222,-122.8082,3.3,1.6,Md,9,136.8,0,0.02,nc,nc72212351,2014-04-30T12:33:08.501Z,"6km NW of The Geysers, California",earthquake
2014-04-30T07:30:27.000Z,62.1861,-151.7062,95,1.6,ml,,,,1.2,ak,ak11246377,2014-04-30T07:35:35.598Z,"84km W of Talkeetna, Alaska",earthquake
2014-04-30T07:19:14.200Z,36.2805,-120.333,18.3,1.8,Md,4,136.8,0.17966306,0.07,nc,nc72212321,2014-04-30T11:27:11.413Z,"15km N of Coalinga, California",earthquake
2014-04-30T07:18:02.000Z,38.8048,-122.8152,7.1,0.9,Md,14,111.6,0.00898315,0.12,nc,nc72212311,2014-04-30T10:09:02.973Z,"5km WNW of The Geysers, California",earthquake
2014-04-30T07:10:45.000Z,61.1592,-147.0187,5.2,1.6,ml,,,,1.18,ak,ak11246374,2014-04-30T07:18:40.031Z,"36km W of Valdez, Alaska",earthquake
2014-04-30T07:07:20.000Z,61.1136,-147.007,1.2,1.7,ml,,,,0.87,ak,ak11246372,2014-04-30T07:10:32.323Z,"35km W of Valdez, Alaska",earthquake
2014-04-30T06:55:40.320Z,38.8429985,-122.8421631,2.72,0.51,md,15,79,0.006824,0.02,nc,nc72212286,2014-04-30T07:32:06.301Z,"10km WNW of Cobb, California",earthquake
2014-04-30T06:52:14.800Z,36.5678,-89.3078,23.4,2.1,md,34,64.7999948160004,0.07186522,0.06,nm,nm60070366,2014-04-30T12:50:30.839Z,"10km W of Hickman, Kentucky",earthquake
2014-04-30T06:51:09.000Z,62.5938,-148.9124,0,1.4,ml,,,,0.65,ak,ak11246369,2014-04-30T06:56:58.555Z,"68km NE of Y, Alaska",earthquake
2014-04-30T06:49:44.700Z,38.8433,-122.8408,2.7,1.7,Md,32,64.8,0.01796631,0.03,nc,nc72212281,2014-04-30T10:51:07.568Z,"10km WNW of Cobb, California",earthquake
2014-04-30T06:44:45.300Z,19.4072,-155.5037,7.1,2.2,ml,,32.3999974080002,0.04491576,0.19,hv,hv60680766,2014-04-30T06:50:32.000Z,"22km N of Pahala, Hawaii",earthquake
2014-04-30T06:44:26.100Z,19.4047,-155.5128,4.1,2.2,Ml,,64.8,0.06288207,0.23,hv,hv60680761,2014-04-30T06:50:21.247Z,"22km N of Pahala, Hawaii",earthquake
2014-04-30T06:20:56.050Z,43.019,94.2571,10,5.3,mb,,51,9.291,0.74,us,usb000q4xj,2014-04-30T06:38:04.871Z,"70km ENE of Hami, China",earthquake
2014-04-30T06:09:05.500Z,13.1203,-90.0281,30.01,4.5,mb,,139,0.958,1.05,us,usb000q4xb,2014-04-30T06:39:19.441Z,"56km SSW of Acajutla, El Salvador",earthquake
2014-04-30T06:07:50.000Z,59.9787,-152.7874,72.3,1.6,ml,,,,0.88,ak,ak11246340,2014-04-30T06:16:42.247Z,"56km S of Redoubt Volcano, Alaska",earthquake
2014-04-30T06:00:34.000Z,62.152,-149.4862,35.7,1.2,ml,,,,0.56,ak,ak11246336,2014-04-30T06:04:21.675Z,"19km E of Y, Alaska",earthquake
2014-04-30T05:51:47.600Z,45.8001,-111.5938,0,2.1,mc,15,71.9999942400005,0.4401745,0.28,mb,mb30435,2014-04-30T05:52:23.943Z,"10km SSW of Three Forks, Montana",earthquake
2014-04-30T05:43:15.100Z,0.7044,-77.814,38.59,4.8,mb,,134,4.158,1.36,us,usb000q4wu,2014-04-30T06:12:00.913Z,"11km N of San Gabriel, Ecuador",earthquake
2014-04-30T05:36:20.000Z,60.5466,-151.9899,100,1.3,ml,,,,1.35,ak,ak11246332,2014-04-30T05:40:04.149Z,"40km W of Kenai, Alaska",earthquake
2014-04-30T05:34:55.000Z,61.6342,-150.1093,35.9,1,ml,,,,0.53,ak,ak11246331,2014-04-30T05:40:02.948Z,"13km SSW of Willow, Alaska",earthquake
2014-04-30T05:21:14.700Z,-33.0428,-178.845,8.78,5.3,mb,,69,3.866,1.33,us,usb000q4wg,2014-04-30T13:23:53.816Z,"178km S of L'Esperance Rock, New Zealand",earthquake
2014-04-30T05:16:30.000Z,63.1939,-150.4315,100,1.3,ml,,,,1.05,ak,ak11246322,2014-04-30T05:24:28.538Z,"77km WSW of Cantwell, Alaska",earthquake
2014-04-30T05:13:27.800Z,36.5947,-121.094,5.9,1.3,Md,10,64.8,0.04491576,0.11,nc,nc72212251,2014-04-30T10:16:08.776Z,"28km NE of Soledad, California",earthquake
2014-04-30T05:12:20.600Z,38.723,-122.7368,14.7,1.2,Md,8,226.8,0.05389892,0.16,nc,nc72212246,2014-04-30T09:41:05.066Z,"6km SSE of The Geysers, California",earthquake
2014-04-30T04:57:27.000Z,61.3012,-151.2484,58.1,1.6,ml,,,,0.83,ak,ak11246319,2014-04-30T05:03:19.588Z,"68km N of Nikiski, Alaska",earthquake
2014-04-30T04:34:36.000Z,63.2964,-148.8915,7.3,0.8,ml,,,,0.14,ak,ak11246318,2014-04-30T04:37:42.954Z,"11km SSE of Cantwell, Alaska",earthquake
2014-04-30T04:23:34.000Z,61.0814,-147.2565,50,1.2,ml,,,,0.55,ak,ak11246316,2014-04-30T04:27:24.829Z,"49km W of Valdez, Alaska",earthquake
2014-04-30T04:15:56.000Z,59.571,-152.8961,90.5,2.7,ml,,,,0.88,ak,ak11246307,2014-04-30T12:18:35.672Z,"64km WSW of Anchor Point, Alaska",earthquake
2014-04-30T04:03:33.210Z,38.2406,25.1534,10,4.8,mb,,42,1.882,0.94,us,usb000q4uy,2014-04-30T08:44:17.151Z,"49km NNE of Andros, Greece",earthquake
2014-04-30T03:48:42.000Z,61.2555,-147.672,10.4,1.8,ml,,,,0.71,ak,ak11246296,2014-04-30T03:52:38.595Z,"72km WNW of Valdez, Alaska",earthquake
2014-04-30T03:36:26.870Z,-23.357,-175.8335,35,5.3,mb,,45,6.157,1.37,us,usb000q4uf,2014-04-30T11:39:05.909Z,"241km SSW of `Ohonua, Tonga",earthquake
2014-04-30T03:34:57.000Z,60.0366,-141.2214,14.6,1.4,ml,,,,1.51,ak,ak11246293,2014-04-30T03:39:27.956Z,"67km E of Cape Yakataga, Alaska",earthquake
2014-04-30T03:16:54.860Z,33.9233322,-117.9376678,0.81,2.4,ml,71,51,0.02487,0.35,ci,ci37218696,2014-04-30T07:58:23.606Z,"1km SE of La Habra, California",earthquake
2014-04-30T03:03:09.000Z,61.126,-149.7035,28.2,1,ml,,,,0.75,ak,ak11246291,2014-04-30T03:09:51.716Z,"14km SE of Anchorage, Alaska",earthquake
2014-04-30T02:57:51.800Z,37.3798,-122.1912,4.5,1.3,Md,8,104.4,0.01796631,0.02,nc,nc72212216,2014-04-30T07:32:06.303Z,"2km SSE of Ladera, California",earthquake
2014-04-30T02:51:26.000Z,60.2062,-147.7298,0,1.8,ml,,,,0.1,ak,ak11246289,2014-04-30T02:54:55.916Z,"82km SE of Whittier, Alaska",earthquake
2014-04-30T02:48:54.000Z,60.4899,-149.4879,28.5,1.4,ml,,,,0.54,ak,ak11246287,2014-04-30T02:54:51.149Z,"36km N of Bear Creek, Alaska",earthquake
2014-04-30T02:47:44.100Z,38.819,-122.7952,3.3,0.8,Md,12,75.6,0.00898315,0.02,nc,nc72212211,2014-04-30T03:56:03.307Z,"5km NW of The Geysers, California",earthquake
2014-04-30T02:46:11.100Z,37.9812,-122.054,14.7,2.1,Md,35,126,0.09881468,0.09,nc,nc72212206,2014-04-30T07:07:03.760Z,"1km E of Pacheco, California",earthquake
2014-04-30T02:44:49.000Z,61.3482,-151.3611,48.5,1.7,ml,,,,0.92,ak,ak11246285,2014-04-30T02:54:49.809Z,"73km N of Nikiski, Alaska",earthquake
2014-04-30T02:40:02.730Z,34.1471672,-117.4531631,5.99,1.29,ml,24,106,0.07166,0.16,ci,ci37218688,2014-04-30T02:42:19.772Z,"6km NNW of Fontana, California",earthquake
2014-04-30T02:24:11.000Z,61.563,-148.4661,15,0.9,ml,,,,1.49,ak,ak11246283,2014-04-30T02:38:42.936Z,"26km ESE of Lazy Mountain, Alaska",earthquake
2014-04-30T02:18:47.000Z,61.4941,-146.5479,17.1,2.4,ml,,,,0.71,ak,ak11246274,2014-04-30T02:25:50.071Z,"41km NNW of Valdez, Alaska",earthquake
2014-04-30T01:58:25.300Z,38.8175,-122.7963,3,2,Md,44,28.8,0.00898315,0.04,nc,nc72212191,2014-04-30T07:40:12.150Z,"5km NW of The Geysers, California",earthquake
2014-04-30T01:52:13.140Z,34.1826668,-117.5603333,12.12,1.49,ml,36,72,0.05545,0.25,ci,ci37218680,2014-04-30T01:54:22.929Z,"8km NNE of Rancho Cucamonga, California",earthquake
2014-04-30T01:46:35.000Z,62.916,-150.8138,99.1,1.7,ml,,,,0.64,ak,ak11246269,2014-04-30T01:51:31.840Z,"75km NNW of Talkeetna, Alaska",earthquake
2014-04-30T01:43:28.000Z,62.8392,-151.1333,100,1.6,ml,,,,0.46,ak,ak11246266,2014-04-30T01:49:50.481Z,"77km NW of Talkeetna, Alaska",earthquake
2014-04-30T01:02:53.600Z,38.7938,-122.7257,2,0.6,Md,6,90,0.00898315,0.01,nc,nc72212176,2014-04-30T01:30:12.709Z,"3km S of Cobb, California",earthquake
2014-04-30T00:52:25.000Z,60.6001,-147.5453,15.9,1.4,ml,,,,1.17,ak,ak11246261,2014-04-30T00:56:29.246Z,"65km ESE of Whittier, Alaska",earthquake
2014-04-30T00:35:28.000Z,63.5681,-147.304,0,1.5,ml,,,,0.61,ak,ak11246159,2014-04-30T00:38:35.539Z,"84km ENE of Cantwell, Alaska",earthquake
2014-04-30T00:31:52.000Z,60.05,-152.769,98.3,2.2,ml,,,,0.54,ak,ak11246157,2014-04-30T00:36:09.081Z,"48km S of Redoubt Volcano, Alaska",earthquake
2014-04-30T00:30:45.110Z,35.6558342,-118.4714966,10.31,1.46,ml,18,66,0.007231,0.14,ci,ci37218672,2014-04-30T00:33:08.091Z,"4km N of Lake Isabella, California",earthquake
2014-04-30T00:13:27.600Z,37.6472,-118.9507,7.9,1.2,Md,18,86.4,0.01796631,0.03,nc,nc72212151,2014-04-30T01:33:07.998Z,"1km E of Mammoth Lakes, California",earthquake
2014-04-30T00:10:46.000Z,61.9537,-150.1435,99.8,1.2,ml,,,,1.05,ak,ak11246154,2014-04-30T00:13:09.468Z,"23km NNW of Willow, Alaska",earthquake
2014-04-30T00:09:37.000Z,46.754,-121.9863,8.2,0.3,Md,,198,0.11678099,0.11,uw,uw60748112,2014-04-30T03:47:53.443Z,"24km ESE of Eatonville, Washington",earthquake
2014-04-30T00:02:52.000Z,61.1258,-147.2916,0,1.7,ml,20,82.7999933760005,,1.01,ak,ak11246151,2014-04-30T00:07:33.765Z,"50km W of Valdez, Alaska",earthquake
2014-04-30T00:01:35.000Z,62.798,-149.1671,62.8,0.5,ml,,,,0.07,ak,ak11246149,2014-04-30T02:16:33.173Z,"67km S of Cantwell, Alaska",earthquake
2014-04-29T23:58:09.000Z,19.3612,-155.811,13.8,1.7,Md,,111.6,0.10779783,0.12,hv,hv60680481,2014-04-30T03:10:46.730Z,"11km SSE of Honaunau-Napoopoo, Hawaii",earthquake
2014-04-29T23:52:14.000Z,58.9614,-154.3333,100,2.7,ml,,,,0.91,ak,ak11246145,2014-04-30T07:54:43.706Z,"93km SSE of Old Iliamna, Alaska",earthquake
2014-04-29T23:47:42.000Z,63.0533,-151.4168,4.8,1.3,ml,,,,0.37,ak,ak11246143,2014-04-29T23:54:48.203Z,"105km NW of Talkeetna, Alaska",earthquake
2014-04-29T23:37:20.000Z,53.5155,-165.1075,43.7,2.2,ml,,,,0.51,ak,ak11246140,2014-04-30T01:51:33.029Z,"81km SSE of Akutan, Alaska",earthquake
2014-04-29T23:25:47.000Z,61.1304,-146.997,2.9,2.1,ml,,,,0.87,ak,ak11246134,2014-04-29T23:30:47.161Z,"34km W of Valdez, Alaska",earthquake
2014-04-29T23:23:29.000Z,63.3862,-151.4663,14.4,1.1,ml,,,,0.41,ak,ak11246133,2014-04-29T23:27:47.360Z,"125km W of Cantwell, Alaska",earthquake
2014-04-29T23:17:11.000Z,46.5662,-123.4445,0,0.7,Md,,93.6,0.08084838,0.11,uw,uw60748027,2014-04-30T00:11:43.896Z,"25km ESE of Raymond, Washington",quarry
2014-04-29T23:06:56.000Z,19.8213,-155.3728,24.3,2.3,Ml,,86.4,0.07186522,0.17,hv,hv60680471,2014-04-30T07:09:22.842Z,"27km W of Pepeekeo, Hawaii",earthquake
2014-04-29T23:01:45.000Z,64.9634,-147.336,0.1,1.3,ml,,,,0.71,ak,ak11246132,2014-04-29T23:04:29.103Z,"20km NNE of Badger, Alaska",earthquake
2014-04-29T22:53:14.000Z,63.542,-150.9134,14.4,1.2,ml,,,,0.48,ak,ak11246131,2014-04-29T22:56:17.484Z,"99km W of Cantwell, Alaska",earthquake
2014-04-29T22:52:13.100Z,37.2773,-121.6575,0.3,1.1,Md,7,126,0.01796631,0.02,nc,nc72212141,2014-04-29T23:32:07.404Z,"16km N of Morgan Hill, California",earthquake
2014-04-29T22:38:55.400Z,37.6433,-118.9518,7,1.4,Md,20,57.6,0.02694946,0.04,nc,nc72212136,2014-04-30T02:56:06.821Z,"1km ESE of Mammoth Lakes, California",earthquake
2014-04-29T22:36:54.000Z,61.597,-150.4047,26.5,1.1,ml,,,,0.53,ak,ak11246094,2014-04-29T22:39:23.463Z,"25km WNW of Big Lake, Alaska",earthquake
2014-04-29T22:34:21.000Z,62.8471,-149.0091,53.4,1.5,ml,,,,0.67,ak,ak11246090,2014-04-29T22:38:13.942Z,"60km S of Cantwell, Alaska",earthquake
2014-04-29T22:27:28.000Z,63.2657,-151.2265,0,1.5,ml,,,,0.69,ak,ak11246087,2014-04-29T22:34:59.974Z,"114km W of Cantwell, Alaska",earthquake
2014-04-29T22:23:50.600Z,17.9144,-66.878,15,2.3,Md,11,226.8,0.05928881,0.21,pr,pr14119003,2014-04-29T23:19:37.732Z,"7km SSE of Guanica, Puerto Rico",earthquake
2014-04-29T22:22:33.320Z,-6.4492,130.822,107.41,4.7,mb,,58,1.595,1.45,us,usb000q4k8,2014-04-30T06:25:00.059Z,"174km NNW of Saumlaki, Indonesia",earthquake
2014-04-29T22:19:41.910Z,36.1326667,-118.0758333,5.61,0.48,ml,7,260,0.1795,0.2,ci,ci37218664,2014-04-29T23:38:07.589Z,"52km S of Lone Pine, California",earthquake
2014-04-29T22:19:13.500Z,38.8558,-122.8518,10.5,0.1,Md,6,223.2,0.04491576,0.02,nc,nc72212131,2014-04-29T22:20:52.914Z,"11km WNW of Cobb, California",earthquake
2014-04-29T22:04:42.700Z,40.3057,-124.4568,9.1,2.6,Md,7,280.8,0.13474729,0.08,nc,nc72212126,2014-04-30T06:07:10.661Z,"34km SSW of Ferndale, California",earthquake
2014-04-29T22:04:17.300Z,38.4437,-122.6447,10.8,1.8,Md,14,82.8,0.05389892,0.05,nc,nc72212121,2014-04-30T03:37:06.262Z,"6km E of Santa Rosa, California",earthquake
2014-04-29T21:54:08.000Z,61.6474,-150.477,28.1,1.4,ml,,,,0.84,ak,ak11246081,2014-04-29T22:00:35.567Z,"25km WSW of Willow, Alaska",earthquake
2014-04-29T21:52:54.000Z,60.0013,-152.1378,20.4,1.9,ml,,,,2.24,ak,ak11246084,2014-04-29T22:02:08.032Z,"30km NW of Anchor Point, Alaska",earthquake
2014-04-29T21:46:39.000Z,63.2801,-151.3288,0.1,1.7,ml,,,,0.75,ak,ak11246078,2014-04-29T21:53:00.322Z,"119km W of Cantwell, Alaska",earthquake
2014-04-29T21:44:28.000Z,63.3424,-151.4431,7.1,1.8,ml,,,,0.87,ak,ak11246074,2014-04-29T21:48:39.141Z,"124km W of Cantwell, Alaska",earthquake
2014-04-29T21:42:32.000Z,62.8462,-150.7799,81.6,1.6,ml,,,,0.83,ak,ak11246070,2014-04-29T21:47:34.724Z,"67km NNW of Talkeetna, Alaska",earthquake
2014-04-29T21:42:03.540Z,33.835,-117.4976667,0.01,1.35,ml,30,115,0.1008,0.17,ci,ci37218656,2014-04-29T21:51:38.870Z,"2km ESE of El Cerrito, California",quarry_blast
2014-04-29T21:37:27.280Z,36.1266667,-118.067,0.05,0.41,ml,10,256,0.172,0.11,ci,ci37218648,2014-04-29T21:46:41.749Z,"52km NE of Kernville, California",earthquake
2014-04-29T21:34:58.800Z,38.7645,-122.7307,2.9,0.8,Md,13,82.8,0.01796631,0.02,nc,nc72212116,2014-04-29T21:36:37.797Z,"2km ESE of The Geysers, California",earthquake
2014-04-29T21:31:40.750Z,33.4853333,-116.5591667,12.43,0.59,ml,14,138,0.03716,0.08,ci,ci37218640,2014-04-29T21:40:01.530Z,"13km SE of Anza, California",earthquake
2014-04-29T21:22:57.950Z,36.1328333,-118.0531667,1.98,1.25,ml,22,79,0.1613,0.11,ci,ci37218632,2014-04-29T21:32:35.210Z,"52km S of Lone Pine, California",earthquake
2014-04-29T21:10:09.000Z,60.0872,-152.7987,100,2.1,ml,,,,1.53,ak,ak11246067,2014-04-29T21:15:31.860Z,"44km S of Redoubt Volcano, Alaska",earthquake
2014-04-29T21:07:30.100Z,49.4182,-120.5225,0,2.3,Md,,208.8,0.60187124,0.59,uw,uw60747762,2014-04-29T23:57:21.332Z,"4km S of Princeton, Canada",quarry
2014-04-29T20:36:47.200Z,44.2443,-123.267,0,1.3,Md,,64.8,0.20661252,0.53,uw,uw60747712,2014-04-29T23:54:04.964Z,"5km WNW of Junction City, Oregon",quarry
2014-04-29T20:29:13.900Z,36.2228,-120.7872,7.7,1,Md,6,194.4,0.00898315,0,nc,nc72212086,2014-04-29T20:58:05.815Z,"30km E of King City, California",earthquake
2014-04-29T20:25:17.140Z,33.8218333,-117.5088333,0.01,1.57,ml,14,123,0.08755,0.18,ci,ci37218624,2014-04-29T20:45:50.873Z,"2km SSE of El Cerrito, California",quarry_blast
2014-04-29T20:08:41.000Z,61.1462,-147.1384,1.8,1.4,ml,,,,1.07,ak,ak11246030,2014-04-29T20:13:25.453Z,"42km W of Valdez, Alaska",earthquake
2014-04-29T20:00:39.000Z,60.3888,-152.4089,84.1,1.1,ml,,,,0.19,ak,ak11246029,2014-04-30T01:38:34.668Z,"21km ESE of Redoubt Volcano, Alaska",earthquake
2014-04-29T19:56:05.050Z,59.1249,-136.6586,8.44,3,ml,,104,0.76,0.56,us,usb000q4b3,2014-04-30T03:58:37.883Z,"70km W of Haines, Alaska",earthquake
2014-04-29T19:34:51.560Z,36.166,-118.1255,5.62,0.46,ml,8,274,0.2243,0.12,ci,ci37218616,2014-04-29T20:26:35.678Z,"49km S of Lone Pine, California",earthquake
2014-04-29T19:30:47.000Z,61.1576,-147.0132,10.9,1.3,ml,,,,0.99,ak,ak11246017,2014-04-29T19:34:29.697Z,"35km W of Valdez, Alaska",earthquake
2014-04-29T19:07:37.000Z,68.823,-147.5522,19.6,2.7,ml,,,,0.83,ak,ak11246011,2014-04-30T03:10:08.973Z,"113km NW of Arctic Village, Alaska",earthquake
2014-04-29T18:59:09.800Z,33.9781667,-116.9455,19.63,1.04,ml,18,117,0.07083,0.14,ci,ci37218608,2014-04-29T20:10:03.900Z,"3km ENE of Cherry Valley, California",earthquake
2014-04-29T18:52:43.000Z,63.4241,-149.24,91,1.3,ml,,,,0.81,ak,ak11246007,2014-04-29T18:56:11.216Z,"14km WNW of Cantwell, Alaska",earthquake
2014-04-29T18:44:07.000Z,63.0705,-151.6379,0.1,1.3,ml,,,,0.62,ak,ak11246004,2014-04-29T18:49:37.533Z,"114km NW of Talkeetna, Alaska",earthquake
2014-04-29T18:41:20.790Z,36.1213333,-118.0533333,0.44,0.56,ml,10,253,0.1608,0.07,ci,ci37218600,2014-04-29T20:08:05.049Z,"52km NE of Kernville, California",earthquake
2014-04-29T18:39:56.400Z,35.7765,-120.3305,8.1,1.1,Md,16,79.2,0.00898315,0.06,nc,nc72212021,2014-04-29T23:00:03.831Z,"14km NNE of Shandon, California",earthquake
2014-04-29T18:38:18.000Z,64.8332,-147.3169,3.8,1,ml,,,,0.73,ak,ak11246002,2014-04-29T18:42:05.943Z,"9km N of North Pole, Alaska",earthquake
2014-04-29T18:37:02.840Z,33.675,-116.9326667,16.84,1.09,ml,14,118,0.06623,0.12,ci,ci37218592,2014-04-29T20:04:59.999Z,"7km S of East Hemet, California",earthquake
2014-04-29T18:26:21.690Z,33.2431667,-116.7705,14.6,1.07,ml,24,68,0.1345,0.12,ci,ci37218584,2014-04-29T20:02:02.040Z,"23km NE of San Pasqual, California",earthquake
2014-04-29T18:20:26.000Z,45.3177,-121.7027,7.9,0.3,Md,,158.4,0.01796631,0.12,uw,uw60747497,2014-04-29T23:07:49.143Z,"22km E of Mount Hood Village, Oregon",earthquake
2014-04-29T18:15:28.000Z,64.8492,-147.4562,19.7,0.1,ml,5,136.799989056001,,0.42,ak,ak11245940,2014-04-29T18:17:36.154Z,"6km NNE of Badger, Alaska",earthquake
2014-04-29T18:10:34.000Z,62.2589,-148.7178,7.7,1,ml,,,,0.69,ak,ak11245930,2014-04-29T18:13:45.759Z,"52km N of Sutton-Alpine, Alaska",earthquake
2014-04-29T18:05:22.870Z,-37.2155,176.5346,335.75,4.4,mb,,100,1.137,1.2,us,usb000q442,2014-04-30T02:07:57.160Z,"57km ENE of Waihi Beach, New Zealand",earthquake
2014-04-29T17:58:31.100Z,35.8266667,-117.6655,7.91,1.94,ml,29,47,0.05632,0.12,ci,ci37218576,2014-04-29T20:00:17.070Z,"22km N of Ridgecrest, California",earthquake
2014-04-29T17:52:42.780Z,-7.2495,153.9204,40.73,5.1,mb,,50,3.505,1.06,us,usb000q43k,2014-04-30T01:55:23.470Z,"201km WSW of Panguna, Papua New Guinea",earthquake
2014-04-29T17:31:27.900Z,19.2615,-155.4593,8.9,2.5,Md,,68.4,0.03593261,0.17,hv,hv60680336,2014-04-30T01:33:54.542Z,"6km NNE of Pahala, Hawaii",earthquake
2014-04-29T17:09:02.000Z,38.7695,-122.5652,4.5,1.8,Md,6,194.4,0.1706799,0.07,nc,nc72211961,2014-04-29T21:44:05.757Z,"4km S of Hidden Valley Lake, California",earthquake
2014-04-29T17:06:40.400Z,34.4297,-97.6138,5,2.7,ml,,142,,0.91,us,usb000q42s,2014-04-29T21:33:37.350Z,"24km NNW of Healdton, Oklahoma",earthquake
2014-04-29T16:59:24.890Z,33.46,-116.5876667,12.42,1.19,ml,24,100,0.03668,0.12,ci,ci37218568,2014-04-29T19:31:15.270Z,"13km SE of Anza, California",earthquake
2014-04-29T16:59:21.400Z,38.8442,-122.824,2.1,1.2,Md,9,75.6,0.00898315,0.03,nc,nc72211946,2014-04-29T21:08:06.872Z,"9km WNW of Cobb, California",earthquake
2014-04-29T16:57:57.000Z,62.3626,-148.4185,49.1,1.3,ml,,,,0.05,ak,ak11245893,2014-04-30T01:12:56.515Z,"67km NNE of Sutton-Alpine, Alaska",earthquake
2014-04-29T16:55:12.000Z,59.2508,-138.1488,24.4,3.4,ml,,,,0.8,ak,ak11245885,2014-04-30T00:57:49.837Z,"95km ESE of Yakutat, Alaska",earthquake
2014-04-29T16:44:26.000Z,62.9979,-148.1059,14.3,0,ml,,,,0.59,ak,ak11245884,2014-04-30T00:58:10.679Z,"61km SE of Cantwell, Alaska",earthquake
2014-04-29T16:28:23.000Z,62.203,-150.1384,14.8,1.2,ml,13,104.399991648001,0.1410355,0.32,ak,ak11245877,2014-04-29T16:32:54.247Z,"13km S of Talkeetna, Alaska",earthquake
2014-04-29T16:22:26.000Z,61.1097,-146.8962,9.6,1.5,ml,8,125.999989920001,0.1536119,0.76,ak,ak11245875,2014-04-29T16:27:17.909Z,"29km W of Valdez, Alaska",earthquake
2014-04-29T16:19:59.500Z,46.7587,-121.9055,1.1,0.2,Md,,212.4,0.06288207,0.08,uw,uw60747337,2014-04-29T17:20:00.273Z,"24km NW of Packwood, Washington",earthquake
2014-04-29T16:18:15.400Z,46.2105,-122.606,0,0.3,Md,,190.8,0.11678099,0.13,uw,uw60747342,2014-04-29T17:26:42.049Z,"24km E of West Side Highway, Washington",quarry
2014-04-29T16:11:17.600Z,-15.5087,167.6009,161.83,5.1,mb,,34,6.619,0.88,us,usb000q3x2,2014-04-30T00:13:45.467Z,"46km E of Luganville, Vanuatu",earthquake
2014-04-29T16:05:15.000Z,61.4409,-150.2217,35.4,1.4,ml,,,,0.65,ak,ak11245872,2014-04-29T16:08:59.373Z,"16km WSW of Big Lake, Alaska",earthquake
2014-04-29T15:59:01.500Z,46.7642,-121.8978,3.1,0.3,Md,,208.8,0.06288207,0.09,uw,uw60747317,2014-04-29T17:31:22.570Z,"24km NW of Packwood, Washington",earthquake
2014-04-29T15:52:56.490Z,33.5123333,-116.5031667,13.8,0.84,ml,19,126,0.05069,0.1,ci,ci37218560,2014-04-29T19:27:55.830Z,"16km ESE of Anza, California",earthquake
2014-04-29T15:48:27.000Z,61.2308,-147.7098,0.3,1.4,ml,,,,0.9,ak,ak11245870,2014-04-29T15:53:25.499Z,"73km NE of Whittier, Alaska",earthquake
2014-04-29T15:44:29.020Z,34.3436667,-116.8811667,0.01,1.42,ml,19,125,0.08753,0.15,ci,ci37218552,2014-04-29T19:24:51.780Z,"9km NNW of Big Bear City, California",quarry_blast
2014-04-29T15:37:42.000Z,62.7185,-149.3708,68.3,1,ml,15,104.399991648001,0.2641047,0.66,ak,ak11245842,2014-04-29T15:42:59.290Z,"58km NE of Talkeetna, Alaska",earthquake
2014-04-29T15:35:37.000Z,61.4491,-148.1811,21.9,1.1,ml,,,,1.05,ak,ak11245841,2014-04-29T15:39:02.652Z,"45km ESE of Lazy Mountain, Alaska",earthquake
2014-04-29T15:30:27.000Z,61.2292,-151.8941,96,1.9,ml,,,,0.71,ak,ak11245838,2014-04-29T15:40:31.283Z,"68km NNW of Nikiski, Alaska",earthquake
2014-04-29T15:20:36.000Z,61.2042,-148.0868,33.2,1,ml,,,,1.44,ak,ak11245836,2014-04-29T15:22:47.296Z,"57km NNE of Whittier, Alaska",earthquake
2014-04-29T15:17:45.000Z,61.4001,-148.2667,6.6,1.6,ml,,,,1.21,ak,ak11245833,2014-04-29T15:22:46.108Z,"43km ESE of Butte, Alaska",earthquake
2014-04-29T15:12:21.200Z,38.8113,-122.786,3,0.5,Md,15,61.2,0.00898315,0.02,nc,nc72211846,2014-04-29T15:29:05.692Z,"4km NW of The Geysers, California",earthquake
2014-04-29T14:59:33.700Z,36.1575,-96.7409,5,2.7,ml,,95,,0.56,us,usb000q3tf,2014-04-29T18:03:22.073Z,"6km NW of Yale, Oklahoma",earthquake
2014-04-29T14:52:57.300Z,38.9135,-122.4922,7.2,2.2,Md,61,54,0.05389892,0.15,nc,nc72211836,2014-04-29T22:19:09.303Z,"10km E of Lower Lake, California",earthquake
2014-04-29T14:44:42.700Z,41.0783,-121.9327,16,2.3,Md,33,46.8,0.24254513,0.07,nc,nc72211826,2014-04-29T22:54:08.167Z,"26km SE of McCloud, California",earthquake
2014-04-29T14:31:16.000Z,63.2591,-151.0038,1.3,1.2,ml,,,,0.58,ak,ak11245826,2014-04-29T14:34:51.608Z,"103km W of Cantwell, Alaska",earthquake
2014-04-29T14:25:35.000Z,61.0905,-151.9487,81.4,1.7,ml,,,,0.83,ak,ak11245823,2014-04-29T14:31:06.632Z,"57km NW of Nikiski, Alaska",earthquake
2014-04-29T14:19:54.000Z,61.9957,-149.6942,34.8,1,ml,,,,0.27,ak,ak11245818,2014-04-29T14:23:49.378Z,"20km SSE of Y, Alaska",earthquake
2014-04-29T14:14:47.000Z,63.152,-151.2389,1.2,1.4,ml,,,,0.59,ak,ak11245816,2014-04-29T14:20:05.507Z,"108km NNW of Talkeetna, Alaska",earthquake
2014-04-29T14:13:11.000Z,63.0907,-151.3422,0,1.2,ml,,,,0.63,ak,ak11245813,2014-04-29T14:17:01.558Z,"106km NW of Talkeetna, Alaska",earthquake
2014-04-29T14:08:22.000Z,61.0597,-147.0054,0,2,ml,,,,0.69,ak,ak11245808,2014-04-29T14:12:16.518Z,"36km WSW of Valdez, Alaska",earthquake
2014-04-29T14:08:05.200Z,34.4259,-97.6097,5,2.5,ml,,123,,1.04,us,usb000q3sf,2014-04-29T22:10:36.754Z,"24km NNW of Healdton, Oklahoma",earthquake
2014-04-29T14:03:07.500Z,46.3062,-122.3272,15.4,0,Md,,154.8,0.00898315,0.11,uw,uw60747192,2014-04-29T17:34:57.968Z,"28km S of Morton, Washington",earthquake
2014-04-29T13:59:11.610Z,37.2097,-97.9138,5,2.7,mb_lg,,106,0.107,0.47,us,usb000q3qj,2014-04-29T15:21:05.000Z,"12km ENE of Anthony, Kansas",earthquake
2014-04-29T13:48:55.440Z,38.8214989,-122.7666702,2.98,0.56,md,11,125,0.00931,0.02,nc,nc72211791,2014-04-29T16:28:06.993Z,"3km W of Cobb, California",earthquake
